statement_idx,report,page_num,sent_num,statement,confidence,score,split,prediction,correct
3,AR6_WGI,24,2,"Since 1750, increases in CO2 (47%) and CH4 (156%) concentrations far exceed – and increases in N2O (23%) are similar to – the natural multi-millennial changes between glacial and interglacial periods over at least the past 800,000 years",very high,3,test,very high,True
42,AR6_WGI,37,16,"Over the next 2000 years, global mean sea level will rise by about 2 to 3 m if warming is limited to 1.5°C, 2 to 6 m if limited to 2°C and 19 to 22 m with 5°C of warming, and it will continue to rise over subsequent millennia",low,0,test,high,False
77,AR6_WGI,47,7,"By the end of the century, scenarios with very low and low GHG emissions would strongly limit the change of several CIDs, such as the increases in the frequency of extreme sea level events, heavy precipitation and pluvial flooding, and exceedance of dangerous heat thresholds, while limiting the number of regions where such exceedances occur, relative to higher GHG emissions scenarios",high,2,test,high,True
81,AR6_WGI,62,2,"Over the past millennium, and especially since about 1300 CE, simulated global surface temperature anomalies are well within the uncertainty of reconstructions",medium,1,test,medium,True
86,AR6_WGI,63,8,"The paleo context supports the assessment that ongoing increase in ocean heat content (OHC) represents a long-term commitment, essentially irreversible on human time scales",high,2,test,very high,False
98,AR6_WGI,65,30,"These higher sensitivity values can, in some models, be traced to changes in extratropical cloud feedbacks",medium,1,test,medium,True
151,AR6_WGI,85,31,Model estimates suggest no significant change in oxidizing capacity from 1850 to 1980,low,0,test,medium,False
157,AR6_WGI,87,27,Projected changes in the intensity depend on the resolution of climate models,medium,1,test,high,False
162,AR6_WGI,90,4,"A long-term increase in surface open ocean pH occurred over the past 50 million years, and surface ocean pH as low as recent times is uncommon in the last 2 million years",medium,1,test,high,False
165,AR6_WGI,90,14,"Ocean warming is irreversible over centuries to millennia, but the magnitude of warming is scenario-dependent from about the mid-21st century",medium,1,test,high,False
190,AR6_WGI,93,13,"The total Antarctic ice mass losses were dominated by the West Antarctic Ice Sheet, with combined West Antarctic and Peninsula annual loss rates increasing since about 2000",very high,3,test,high,False
197,AR6_WGI,93,34,"Since AR5, there is strengthened evidence for an increase in the rate of GMSL rise since the mid-20th century, with an average rate of 2.3 [1.6–3.1] mm yr–1 over the period 1971–2018 increasing to 3.7 [3.2–4.2] mm yr–1 for the period 2006–2018",high,2,test,very high,False
233,AR6_WGI,101,6,Water cycle variability and related extremes are projected to increase faster than mean changes in most regions of the world and under all emissions scenarios,high,2,test,high,True
237,AR6_WGI,101,11,"Global land precipitation has likely increased since 1950, with a faster increase since the 1980s",medium,1,test,high,False
282,AR6_WGI,116,13,The largest co-benefits are obtained with methods that seek to restore natural ecosystems or improve soil carbon sequestration,medium,1,test,high,False
322,AR6_WGI,122,19,"For global warming up to 2°C above 1850–1900 levels, paleoclimate records do not indicate abrupt changes in the carbon cycle",low,0,test,high,False
361,AR6_WGI,134,16,"At global and regional scales, near-term monsoon changes will be dominated by the effects of internal variability",medium,1,test,high,False
371,AR6_WGI,136,16,It is very likely that mean temperatures have increased in all land regions and will continue to increase at rates greater than the global average,high,2,test,very high,False
415,AR6_WGI,154,9,"Future projections indicate continuing decline in seasonal snow duration, glacial mass, and permafrost area by mid-century",high,2,test,very high,False
419,AR6_WGI,154,17,"Extreme hydrological drought frequency has increased in a region extending from south-west to north-east China, with projected increases of agricultural and ecological drought for 4°C GWL and fire weather for 2°C and above",medium,1,test,medium,True
467,AR6_WGI,160,4,Improvements in urban climate modelling and climate monitoring networks have contributed to understanding the mutual interaction between regional and urban climate,high,2,test,high,True
497,AR6_WGI,203,15,"Over the period 1982–2016, marine heatwaves have very likely doubled in frequency and are increasing in intensity",very high,3,test,high,False
548,AR6_WGI,306,10,Changes in ERF since the late 19th century are dominated by increases in concentrations of greenhouse gases and trends in aerosols; the net ERF is positive and changing at an increasing rate since the 1970s,medium,1,test,very high,False
556,AR6_WGI,306,31,The best-estimate ERF from the increase in global albedo is –0.15 W m–2 since 1700 and –0.12 W m–2 since 1850,medium,1,test,medium,True
572,AR6_WGI,307,32,"The average rate of sea level rise was 1.3 [0.6 to 2.1] mm yr –1 between 1901 and 1971, increasing to 1.9 [0.8 to 2.9] mm yr –1 between 1971 and 2006, and further increasing to 3.7 [3.2 to 4.2] mm yr –1 between 2006 and 2018",high,2,test,very high,False
583,AR6_WGI,308,9,"Over the last century, there have been increases in species turnover within many ecosystems",high,2,test,high,True
586,AR6_WGI,308,13,"CO2 levels during the MPWP were similar to present for a sustained period, within a range of 360–420 ppm",medium,1,test,medium,True
593,AR6_WGI,315,13,"Based on boron and carbon isotope data, supported by other proxies (Hollis et al., 2019), atmospheric CO2 during the EECO (50 Ma) was between 1150 and 2500 ppm",medium,1,test,medium,True
602,AR6_WGI,323,33,"Limited coverage by surface observations precludes identification of zonal trends in the SH, while observations of tropospheric column ozone indicate increases of less than 5% per decade at southern mid-latitudes",medium,1,test,medium,True
621,AR6_WGI,336,10,"Given the projected future sea ice losses, the effect will grow in future",low,0,test,high,False
663,AR6_WGI,365,4,"Permafrost that formed after 3ka still persists in areas of the NH, but there are indications of thaw after the mid-1800s",medium,1,test,medium,True
671,AR6_WGI,369,32,"The fastest rise occurred during Meltwater Pulse 1A, at about 14.6–14.3 ka (Deschamps et al., 2012; Sanborn et al., 2017), when GMSL rose by between 8 m and 15 m",medium,1,test,medium,True
679,AR6_WGI,374,10,"A long-term increase in surface open ocean pH occurred over the past 50 Myr, and surface open ocean pH as low as recent times is uncommon in the last 2 Myr",medium,1,test,high,False
687,AR6_WGI,378,12,"A small decrease in productivity is evident globally for the period 1998–2015, but regional changes are larger and of opposing signs",low,0,test,medium,False
688,AR6_WGI,378,30,New in situ data as well as satellite observations strengthen AR5 and SROCC findings that various phenological metrics for many species of marine organisms have changed in the last half century,high,2,test,high,True
736,AR6_WGI,449,7,Simulated GMST anomalies are well within the uncertainty range of temperature reconstructions,medium,1,test,high,False
741,AR6_WGI,463,12,"Although there is noticeable uncertainty among observational products (H. Su et al., 2017) and observation quality changes through time, global ocean heat content continued to increase during the slower surface warming period",very high,3,test,high,False
768,AR6_WGI,492,1,"Nevertheless, the CMIP6 models show a somewhat more realistic pattern of SST trends",low,0,test,medium,False
772,AR6_WGI,495,14,The structure of the salinity biases in the multi-model mean has not changed substantially between CMIP5 and CMIP6,medium,1,test,high,False
774,AR6_WGI,497,6,CMIP5 and CMIP6 models are only able to reproduce these patterns in simulations that include greenhouse gas increases,medium,1,test,high,False
783,AR6_WGI,509,9,CMIP5 and CMIP6 models are skilful in simulating the spatial features and the variance of the NAM/NAO and associated teleconnections,high,2,test,medium,False
795,AR6_WGI,522,23,The pattern of ocean salinity changes indicate that fresh regions are becoming fresher and that salty regions are becoming saltier as a result of changes in ocean-atmosphere fluxes through evaporation and precipitation,high,2,test,high,True
855,AR6_WGI,593,3,We assess that the cumulative uptake of carbon by the ocean and by land will increase through the 21st century irrespective of the considered emissions scenarios except SSP1-1.9,very high,3,test,high,False
922,AR6_WGI,692,7,"Current atmospheric concentrations of the three GHGs are higher than at any point in the last 800,000 years, and in 2019 reached 409.9 parts per million (ppm) of CO2, 1866.3 parts per billion (ppb) of CH4, and 332.1 ppb of N2O",very high,3,test,very high,True
941,AR6_WGI,694,23,"The fraction of CO2 removed that remains out of the atmosphere, a measure of CDR effectiveness, decreases slightly with increasing amount of removal (medium confidence) and decreases strongly if CDR is applied at lower CO 2 concentrations",medium,1,test,medium,True
974,AR6_WGI,735,7,Projected oxygen loss in the ocean is thought to result in an ocean-climate feedback through changes in the natural emissions of GHGs,low,0,test,medium,False
980,AR6_WGI,742,14,"One study inferred a multi-year net CO2 source for the tundra in Alaska (Commane et al., 2017), which is equivalent to 0.3 PgC yr–1 when scaled up to the northern permafrost region",low,0,test,low,True
997,AR6_WGI,762,3,"Increasing ocean warming and stratification may decrease exchanges between the surface and subsurface ocean, which could reduce the path independence of TCRE, though this effect can be partially counterbalanced regionally by increasing circulation associated with increasing winds",low,0,test,medium,False
1005,AR6_WGI,779,14,The use of biochar reduces nutrient losses,low,0,test,medium,False
1027,AR6_WGI,835,25,"The spatial and temporal distribution of the net aerosol ERF from 1850 to 2014 is highly heterogeneous, with stronger magnitudes in the Northern Hemisphere",high,2,test,high,True
1036,AR6_WGI,836,17,"Under the SSP3‑7.0 scenario, PM levels are projected to increase until 2050 over large parts of Asia, and surface ozone pollution is projected to worsen over all continental areas through 2100",high,2,test,high,True
1042,AR6_WGI,837,13,"About 30 years or more after a one‑year emission pulse occurs, the sectors contributing the most to global warming are industry, fossil fuel combustion for energy and land transportation, essentially through CO2",high,2,test,high,True
1096,AR6_WGI,881,21,"For SLCFs with short lifetime (e.g., months), the response in surface temperature occurs strongly as soon as a sustained change in emissions is implemented and continues to grow for a few years, primarily due to thermal inertia in the climate system",high,2,test,high,True
1185,AR6_WGI,969,37,There is thus limited evidence and medium agreement for a small negative contribution to ERFaci from anthropogenic INP-induced cirrus modifications,low,0,test,low,True
1259,AR6_WGI,1075,9,"Non-linear responses of regional runoff, groundwater recharge and water scarcity highlight the limitations of simple pattern-scaling techniques",medium,1,test,high,False
1263,AR6_WGI,1075,19,The impact of SRM can affect different regions in potentially disruptive ways,low,0,test,medium,False
1275,AR6_WGI,1085,2,"To summarize, increased moisture transport from evaporative oceans to high precipitation regions of the atmospheric circulation will drive amplified P–E and salinity patterns over the ocean",high,2,test,high,True
1304,AR6_WGI,1109,23,"In AR6, Chapter 2 (Section 2.3.1.4.1) states that the HC has very likely widened and strengthened since at least the 1980s, mostly in the NH",medium,1,test,very high,False
1332,AR6_WGI,1125,16,The AR5 assessed that the contrast of mean precipitation amount between dry and wet regions and seasons is expected to increase over most of the globe as temperatures increase,high,2,test,medium,False
1342,AR6_WGI,1135,14,There is a likely increase in drought occurrence,medium,1,test,medium,True
1362,AR6_WGI,1141,20,Discrepancies between observed and simulated changes in SSTs in the tropics indicate that a temporary strengthening of the Walker Circulation can arise from internal variability,medium,1,test,medium,True
1390,AR6_WGI,1230,13,The long time scale also implies that the amount of deep-ocean warming is irreversible over centuries to millennia,very high,3,test,very high,True
1450,AR6_WGI,1250,26,Projections confirm SROCC assessment that fresh ocean regions will continue to get fresher and salty ocean regions will continue to get saltier in the 21st century,medium,1,test,high,False
1466,AR6_WGI,1258,10,"As eddies potentially play a role in determining the strength of gyre circulations and their low- frequency variability (Fox-Kemper and Pedlosky, 2004; Berloff et al., 2007), it is expected that eddy-present and eddy-rich models will differ in their decadal variability and sensitivity to changes in the wind stress of gyres from eddy-parameterized models",medium,1,test,medium,True
1470,AR6_WGI,1260,11,The California Current system has experienced some upwelling-favourable wind intensification since the 1980s,high,2,test,medium,False
1489,AR6_WGI,1268,5,"The changes in stratification result partly from surface freshening (De Lavergne et al., 2014), associated with increased northward sea ice advection (Haumann et al., 2020) and/or melting of the Antarctic ice sheet",medium,1,test,medium,True
1507,AR6_WGI,1288,32,"The SR1.5 (Hoegh-Guldberg et al., 2018) assessed that a threshold for WAIS instability may be close to 1.5°C–2°C",medium,1,test,medium,True
1510,AR6_WGI,1289,12,"Under around 2°C–3°C peak warming, complete or near-complete loss of the WAIS is projected in most studies after multiple millennia, with continent-wide mass losses of around 2–5 m SLE or more; this could occur on multi-century time scales under very high basal melting (Lipscomb et al., 2021) or widespread ice-shelf loss and/or MICI",low,0,test,medium,False
1567,AR6_WGI,1323,10,"Carbon dioxide removal, solar radiation modification, and local ice-shelf engineering may be effective at reducing the yet-to-be- realized sea level commitment, but ineffective at reversing GMSL rise",low,0,test,medium,False
1591,AR6_WGI,1382,27,"Dynamical downscaling using regional climate models adds value in representing many regional weather and climate phenomena, especially over regions of complex orography or with heterogeneous surface characteristics",very high,3,test,high,False
1630,AR6_WGI,1423,22,Bias adjustment has proven beneficial as an interface between climate model projections and impact modelling in many different contexts,high,2,test,high,True
1664,AR6_WGI,1534,18,"At the global scale, the intensification of heavy precipitation will follow the rate of increase in the maximum amount of moisture that the atmosphere can hold as it warms",high,2,test,high,True
1666,AR6_WGI,1534,20,"Increases in the intensity of extreme precipitation at regional scales will vary, depending on the amount of regional warming, changes in atmospheric circulation and storm dynamics",high,2,test,medium,False
1760,AR6_WGI,1620,18,Both the ENSO amplitude and the frequency of high-magnitude events since 1950 is higher than over the pre-industrial period,medium,1,test,medium,True
1804,AR6_WGI,1810,10,"Extreme precipitation intensity is also increasing in several other regions, such as SAH, NEAF, SEAF, ESAF and MDG",high,2,test,high,True
1831,AR6_WGI,1816,10,Monsoon floods will be more intense in SAS,medium,1,test,medium,True
1838,AR6_WGI,1817,6,Higher future temperatures are expected to alter the seasonal profile of hydrologic droughts given reduced summer snowmelt,medium,1,test,high,False
1885,AR6_WGI,1826,9,"In New Zealand, mean wind patterns are projected to become more north-easterly in summer, and westerlies to become more intense in winter",low,0,test,medium,False
1906,AR6_WGI,1832,9,"In NWS, a wide range of changes is projected",low,0,test,medium,False
1928,AR6_WGI,1839,27,Fire weather conditions have been increasing since about 1980 over a few regions in Europe including Mediterranean areas,low,0,test,high,False
1935,AR6_WGI,1840,13,"Wind stagnation events may become more frequent in future climate scenarios in some areas of Europe in the second half of the 21st century (Horton et al., 2014; Vautard et al., 2018), with potential consequences on air quality",low,0,test,medium,False
1956,AR6_WGI,1848,11,"Climate change drives future increases in North American fire weather, particularly in the south-west",high,2,test,high,True
1957,AR6_WGI,1848,19,The mean wind speeds decline in North America – as in other Northern Hemisphere areas – over the past four decades has reversed in the last decade,low,0,test,medium,False
2001,AR6_WGI,1861,10,"In the Arctic, mid-winter snowpack increases in some of the coldest and high- elevation locations given higher precipitation totals",medium,1,test,medium,True
2016,AR6_WGI,1864,23,"Climate change-related variations in oceanic drivers (e.g., relative sea level, storm surge, ocean waves), combined with tropical cyclones, extreme precipitation and river flooding, are expected to lead to more frequent and more intense coastal flooding and erosion",very high,3,test,high,False
2046,AR6_WGI,1870,16,"The emergence of increasing precipitation before the middle of the 21st century is found across scenarios in Siberian regions, Russian Far East, Northern Europe, Arctic regions and the northernmost parts of North America",high,2,test,high,True
2089,AR6_WGI,1876,8,The Arctic Ocean will likely become sea ice-free in September before 2050 in all considered SSP scenarios; such disappearance including several months in most years at 3°C–5°C,high,2,test,high,True
2095,AR6_WGI,1876,18,Spring Snow Cover has seen substantial reductions in spring snow cover extent in the Northern Hemisphere since 1978,very high,3,test,very high,True
2115,AR6_WGI,1947,16,"Across each of the continents, higher warming is likely to occur in northern Africa, the central interior of southern and Western Africa; in North Asia; in Central Australia; in Amazonia; in Northern Europe and northern North America",high,2,test,high,True
2132,AR6_WGI,1987,14,The rate of surface temperature increase has generally been more rapid in Africa than the global average and by at least 0.1°C–0.2°C during 1961–2015,high,2,test,high,True
2191,AR6_WGI,2003,4,"The assessment found that the volume of ice in New Zealand has declined by 36–61% from the mid- to late 1800s to the late 1900s, while late-season significant snow depth has also declined in three out of four Snowy Mountain sites in Australia between 1957 and 2002",high,2,test,high,True
2196,AR6_WGI,2007,20,"According to AR5 (Christensen et al., 2013), significant positive trends of temperature have been observed in Central America",high,2,test,high,True
2208,AR6_WGI,2010,20,Under moderate future emissions overall negative but non-significant precipitation trends are projected for the 21st century,low,0,test,medium,False
2235,AR6_WGI,2013,15,"Under high RCPs, the CMIP5 ensemble projects that all Brazilian regions will experience more rainfall variability in the future, so drier dry periods and wetter wet periods on daily, weekly, monthly and seasonal time scales, despite the future changes in mean rainfall being currently uncertain",medium,1,test,medium,True
2293,AR6_WGI,2040,34,"In the south-west, north-east and north-west, SMB turns negative or close to zero after 2000 and remains above zero in other regions",medium,1,test,medium,True
2310,AR6_WGII,20,16,"Approximately half of the species assessed globally have shifted polewards or, on land, also to higher elevations",very high,3,test,high,False
2392,AR6_WGII,26,4,"Mental health challenges, including anxiety and stress, are expected to increase under further global warming in all assessed regions, particularly for children, adolescents, elderly, and those with underlying health conditions",very high,3,test,medium,False
2423,AR6_WGII,31,1,"In high-carbon ecosystems (currently storing 3,000 to 4,000 GtC) such impacts are already observed and are projected to increase with every additional increment of global warming, such as increased wildfires, mass mortality of trees, drying of peatlands, and thawing of permafrost, weakening natural land carbon sinks and increasing releases of greenhouse gases",medium,1,test,high,False
2430,AR6_WGII,31,15,"Adaptation can generate multiple additional benefits such as improving agricultural productivity, innovation, health and well-being, food security, livelihood, and biodiversity conservation as well as reduction of risks and damages",very high,3,test,high,False
2473,AR6_WGII,36,18,"Health and well-being would benefit from integrated adaptation approaches that mainstream health into food, livelihoods, social protection, infrastructure, water and sanitation policies requiring collaboration and coordination at all scales of governance",very high,3,test,high,False
2518,AR6_WGII,40,18,"This includes rights-based approaches that focus on capacity-building, meaningful participation of the most vulnerable groups, and their access to key resources, including financing, to reduce risk and adapt",high,2,test,high,True
2520,AR6_WGII,42,1,"Planning processes and decision analysis tools can help identify ‘low regrets’ options47 that enable mitigation and adaptation in the face of change, complexity, deep uncertainty and divergent views",medium,1,test,medium,True
2525,AR6_WGII,42,16,Climate resilient development in urban areas also supports adaptive capacity in more rural places through maintaining peri-urban supply chains of goods and services and financial flows,medium,1,test,medium,True
2572,AR6_WGII,58,9,Coastal ‘blue carbon’ systems are already impacted by multiple climate and non- climate drivers,very high,3,test,high,False
2589,AR6_WGII,59,15,"Climate-related extreme events are followed by negative impacts on mental health, well-being, life satisfaction, happiness, cognitive performance and aggression in exposed populations",very high,3,test,high,False
2599,AR6_WGII,60,2,"The impacts of climate-related extremes on food security, nutrition and livelihoods are particularly acute and severe for people living in sub-Saharan Africa, Asia, small islands, Central and South America and the Arctic and small-scale food producers globally",high,2,test,high,True
2605,AR6_WGII,60,9,Increasing ocean warming and acidification are enhancing movement and bioaccumulation of toxins and contaminants into marine food webs (medium confidence) and with bio-magnification of persistent organic pollutants and methyl mercury already affecting fisheries,medium,1,test,medium,True
2616,AR6_WGII,60,27,Approximately 163 million people now live in unfamiliarly dry areas,medium,1,test,medium,True
2672,AR6_WGII,64,10,"Compared to other socioeconomic factors, the influence of climate on conflict is exacerbated by insecure land tenure, weather-sensitive economic activities, weak institutions and fragile governance, poverty and inequality",medium,1,test,medium,True
2685,AR6_WGII,65,4,"Currently, coastal cities already dependent on extensive protective works face the prospects of significantly increasing costs to maintain current protection levels, especially if the local sea level rises to the point that financial and technical limits are reached; systemic changes, such as relocation of millions of people, will be necessary",medium,1,test,high,False
2804,AR6_WGII,74,4,"For example, in Europe, coastal flood damage is projected to increase at least 10-fold by the end of the 21st century, and even more or earlier with current adaptation and mitigation",high,2,test,medium,False
2914,AR6_WGII,82,8,"There are gaps between current adaptation and the adaptation needed to avoid the increase of climate impacts that can be observed across sectors and regions, especially under medium and high warming levels",high,2,test,high,True
2930,AR6_WGII,95,6,"For example, Africa faces severe climate data constraints and inequities in research funding and leadership that reduce adaptive capacity",very high,3,test,high,False
2964,AR6_WGII,97,8,"As sea level rise advances, only avoidance and relocation will eliminate coastal risks",high,2,test,high,True
3015,AR6_WGII,104,19,Urban adaptation measures have many opportunities to contribute to climate resilient development pathways,medium,1,test,high,False
3071,AR6_WGII,107,25,"Adaptation and mitigation approaches that exacerbate inequitable access to resources and fail to address injustice increase suffering, including water and food insecurity and malnutrition rates for vulnerable groups that rely directly or indirectly on natural resources for their livelihoods",high,2,test,high,True
3127,AR6_WGII,112,31,There are very few examples of successful integration of gender and other social inequities in climate policies to address climate change vulnerabilities and questions of social justice,very high,3,test,medium,False
3156,AR6_WGII,120,2,"For example, Indigenous knowledge contains resource-use practices and ecosystem stewardship strategies that conserve and enhance both wild and domestic biodiversity, resulting in terrestrial and aquatic ecosystems and species that are often less degraded in Indigenous managed lands in other lands",medium,1,test,medium,True
3184,AR6_WGII,121,22,City and local governments remain key actors facilitating climate change adaptation in cities and settlements,medium,1,test,very high,False
3186,AR6_WGII,121,24,Networked community actions can address neighbourhood-scale improvements and vulnerability at scale,very high,3,test,medium,False
3222,AR6_WGII,163,10,"Responses of biota to rapid climate change have included range shifts (very high confidence), phenotypic plasticity (high confidence), evolutionary adaptation (medium confidence), and species extinctions, including mass extinctions",very high,3,test,medium,False
3242,AR6_WGII,211,6,"Where attribution was assessed (>4,000 species globally), approximately half of the species had shifted their ranges to higher latitudes or elevations and two-thirds of spring phenological events had advanced, driven by regional climate changes",very high,3,test,high,False
3246,AR6_WGII,211,21,"Indirect changes include alterations in river morphology, substrate composition, oxygen concentrations and thermal regime in lakes",very high,3,test,medium,False
3250,AR6_WGII,211,29,"Local population extinctions caused by climate change have been widespread among plants and animals, detected in 47% of 976 species examined and associated with increases in the hottest yearly temperatures",very high,3,test,high,False
3282,AR6_WGII,213,20,Area at high risk of biome shifts from changes in climate and land use combined can double or triple compared to climate change alone,medium,1,test,medium,True
3290,AR6_WGII,214,12,Many proposed adaptation measures have not been implemented,low,0,test,medium,False
3305,AR6_WGII,219,25,"It is generally assumed that the more rapid the rate of change, the greater the impact on species and ecosystems, but responses are taxonomically and geographically variable",high,2,test,medium,False
3333,AR6_WGII,236,30,"The most heat-tolerant species, such as those from extreme environments, may therefore be at a greater risk of warming because of an inability to physiologically adjust to thermal change",low,0,test,medium,False
3381,AR6_WGII,264,7,Increases in the area burned have been attributed to anthropogenic climate change in North America,high,2,test,high,True
3418,AR6_WGII,288,2,"While this has not yet been systematically explored, similar feedbacks might also emerge from a CO2-induced woody cover increase in savannas",low,0,test,low,True
3419,AR6_WGII,288,5,"Locally, both directly human-mediated and climate change-mediated changes in vegetation cover can therefore notably affect annual average freshwater availability to human societies, especially if negative feedbacks amplify the reduction of vegetation cover, evapotranspiration and precipitation",medium,1,test,medium,True
3426,AR6_WGII,302,5,"There are substantial non-climatic drivers (LUC, wildlife exploitation, habitat degradation, public health and socioeconomic conditions) to the geographic and seasonal range suitability of pathogens and vectors that affect the attribution of the overall impacts on the prevalence or severity of some vector- and water-borne infectious diseases over recent decades",high,2,test,high,True
3428,AR6_WGII,303,16,"The area of coastline suitable for Cholera, Dengue or Malaria outbreak is increasing in North and West Africa, not changing in Central and East Africa, decreasing but potentially expanding in South Africa",low,0,test,medium,False
3455,AR6_WGII,316,9,"Draining, cutting and burning peat lead to oxidation and the release of CO2",very high,3,test,very high,True
3456,AR6_WGII,316,10,Re-wetting by blocking drainage and preventing cutting and burning can reverse this process on temperate peatlands,medium,1,test,medium,True
3487,AR6_WGII,393,4,"Combined climate- induced drivers and non-climate drivers decrease physical protection of people, property and culturally important sites from flooding",very high,3,test,high,False
3553,AR6_WGII,411,17,"Temperature affects the movement and transport of molecules and, thereby, the rates of all biochemical reactions; thus, ongoing and projected warming that remains below an organism’s physiological optimum will generally raise metabolic rates",very high,3,test,very high,True
3574,AR6_WGII,415,26,Rising metabolic rates due to warming will be restricted to primary producers in high- nutrient regions,medium,1,test,low,False
3581,AR6_WGII,418,3,"It is difficult to generalise to what extent co-occurring ocean warming ameliorates or exacerbates effects of acidification on behaviour (Laubenstein et al., 2019); outcomes depend upon species and life stage (Faleiro et al., 2015; Chan et al., 2016; Tills et al., 2016; Wang et al., 2018b; Jarrold et al., 2020), interactions between species (e.g., Paula et al., 2019) along with confounding factors including food availability and salinity",medium,1,test,medium,True
3609,AR6_WGII,425,3,"Major reef crises in the past 300 million years were governed by hyperthermal events (medium confidence) (Section 3.2.4.4; Cross-Chapter Box PALEO in Chapter 1) longer in time scale than anthropogenic climate change, during which net coral reef accretion was more strongly affected than biodiversity",medium,1,test,medium,True
3659,AR6_WGII,432,11,"Estuaries, deltas and lagoons were not assessed in this report.Under both a 1.5°C and 2°C of warming, relative to the pre-industrial era, deltas are expected to be highly threatened by SLR and localised subsidence",high,2,test,medium,False
3693,AR6_WGII,434,16,"Other species, such as Posidonia oceanica in the Mediterranean, might lose as much as 75% of their habitat by 2050 under RCP8.5 and become functionally extinct",low,0,test,medium,False
3747,AR6_WGII,439,19,"Estuaries, shelf seas and a wide range of other intertidal and shallow-water habitats play an important role in the global carbon cycle through their primary production by rooted plants, seaweeds (macroalgae) and phytoplankton, and also by processing riverine organic carbon. The natural carbon dynamics of these systems have been greatly changed by human activities",high,2,test,high,True
3757,AR6_WGII,441,8,This is consistent with changes expected under climate change yet remains complicated by the influence of decadal-scale variability,low,0,test,medium,False
3759,AR6_WGII,441,13,"However, the interaction of coastal warming and local winds may have affected upwelling strength, with the direction of changes [varying] between and within EBUS",low,0,test,medium,False
3788,AR6_WGII,444,4,"While levels of pollutants in biota (e.g., persistent organic pollutants, mercury) have generally declined over the past decades, recent increasing levels are associated with release from reservoirs in ice, snow and permafrost, and through changing food webs and pathways for trophic amplification",medium,1,test,medium,True
3800,AR6_WGII,447,14,Projections also suggest that warming-related increases in trophic efficiency lead to a 17% increase in the biomass of the deep-scattering layer (zooplankton and fish in the mesopelagic) by 2100,low,0,test,low,True
3832,AR6_WGII,453,8,Shifts in different ecosystems may be connected through common drivers or through cascading effects,medium,1,test,high,False
3851,AR6_WGII,461,3,"Owing to contradictory observations there is currently uncertainty about the future trends of major upwelling systems and how their drivers (enhanced productivity, acidification and hypoxia) will shape ecosystem characteristics",low,0,test,low,True
3865,AR6_WGII,465,7,"Acute mortality of some reef-forming cold-water corals to laboratory-simulated warming (Lunden et al., 2014) suggests that both long-term warming and the increase of MHWs in intermediate and deep waters (Elzahaby and Schaeffer, 2019) could pose significant risk to associated ecosystems",high,2,test,medium,False
3872,AR6_WGII,467,5,"Biodiversity has changed in association with ocean warming and loss of sea ice, sea level rise, coral bleaching, marine heat waves and upwelling changes",high,2,test,high,True
3887,AR6_WGII,469,7,"Long-term loss and degradation of marine ecosystems compromises the ocean’s role in cultural, recreational, and intrinsic values important for human identity and well-being",medium,1,test,very high,False
3908,AR6_WGII,472,3,"Because ooligan spawning relies on the timing of the spring freshet, and because the species has declined in the past 25 years due to fishing pressure and predation, the species may be at risk from combined climate-induced and non-climate drivers",medium,1,test,medium,True
3942,AR6_WGII,487,7,"Restoring coral reefs, oyster reefs and mangroves (Section 3.6.2.1) and protecting macrophyte meadows dissipates wave energy (Section 3.4.2.1; Yates et al., 2017; Beck et al., 2018; Wiberg et al., 2019; Menéndez et al., 2020), accretes sediment and elevate shorelines, which reduces exposure to waves and storm surges, and offsets erosional losses",medium,1,test,high,False
3950,AR6_WGII,488,7,"The largest observed changes in coastal ecosystems are being caused by the concurrence of human activities, waves, current-induced sediment transport and extreme storm events",medium,1,test,high,False
3976,AR6_WGII,499,1,Recent evidence suggests that policies supporting local institutions can improve adaptation outcomes,medium,1,test,medium,True
4048,AR6_WGII,581,1,"Global mean soil moisture has slightly decreased, but regional changes vary, with both increases and decreases of 20% or more in some regions",medium,1,test,medium,True
4052,AR6_WGII,581,19,"During the last two decades, the global glacier mass loss rate exceeded 0.5-meter water equivalent (m w.e.) per year compared to an average of 0.33 m w.e. yr–1 in 1950–2000. This volume of mass loss is the highest since the start of the entire observation period",very high,3,test,very high,True
4080,AR6_WGII,595,26,Drought has been singled out as a major driver of yield reductions globally,high,2,test,high,True
4145,AR6_WGII,622,10,An emerging body of studies have projected amplification of episodic recharge in the tropics and semiarid regions due to extreme precipitation under global warming,medium,1,test,medium,True
4190,AR6_WGII,635,2,"There is high confidence that water-related adaptation is occurring in the agricultural sector (Acevedo et al., 2020; Ricciardi et al., 2020), and water-related adaptation in the agricultural sector makes up the majority of documented local, regional and global evidence of implemented adaptation",high,2,test,high,True
4239,AR6_WGII,661,12,Water-related impacts that occurred despite implemented adaptation have been documented across all world regions,high,2,test,high,True
4253,AR6_WGII,667,2,"Water-related technologies can also have adverse distributional outcomes when gains from technology adoption accrue disproportionately to a small section of the population; for example, only rich and male farmers can adopt high-cost technologies like solar irrigation pumps (Gupta, 2019)",medium,1,test,medium,True
4254,AR6_WGII,667,14,"Such financing focuses on returns and scale (Cholibois, 2020), and as such, local needs, especially those of the poor, may not be adequately represented (Manuamorn et al., 2020; Williams, 2020)",medium,1,test,medium,True
4264,AR6_WGII,670,1,"Polycentric governance systems require cross- scale information sharing, coordination and democratic participation to work appropriately (Pahl-Wostl and Knieper, 2014; Carlisle and Gruby, 2017; Morrison et al., 2017; Biesbroek and Lesnikowski, 2018; Frey et al., 2021)",high,2,test,medium,False
4345,AR6_WGII,746,7,"Elevated CO2 reduces some important nutrients such as protein, iron, zinc and some grains, fruit or vegetables to varying degrees depending on crop species and cultivars (Mattos et al., 2014; Myers et al., 2014; Dong et al., 2018; Scheelbeek et al., 2018; Zhu et al., 2018a; Jin et al., 2019; Ujiie et al., 2019). TThis is of particular relevance for fruit and vegetable crops given their importance in human nutrition",high,2,test,high,True
4420,AR6_WGII,784,17,Observed climate impacts on inland aquaculture systems have generally been site and region specific,high,2,test,medium,False
4439,AR6_WGII,790,13,Mangrove reforestation efforts in Asia may have some effectiveness in re-creating important nursery grounds for aquatic species,low,0,test,medium,False
4446,AR6_WGII,791,12,Selective breeding of species in aquaculture systems can promote climate resilience,medium,1,test,medium,True
4456,AR6_WGII,793,12,Early-warning systems for HABs enable rapid decision making and risk mitigation,medium,1,test,high,False
4541,AR6_WGII,839,2,"Limited global land and biomass resources accompanied by growing demands for food, feed, fibre and fuels, together with prospects for a paradigm shift towards phasing out fossil fuels, set the frame for potentially fierce competition for land and biomass to meet burgeoning demands even as climate change increasingly limits natural resource potentials",high,2,test,high,True
4580,AR6_WGII,936,8,Sea level increase and increases in tropical cyclone storm surge and rainfall intensity will increase the probability of coastal city flooding,high,2,test,very high,False
4611,AR6_WGII,982,17,The integration of climate adaptation in local policies in cities and settlements has often been seen as maintaining business-as-usual and not always aligned with transformative efforts to address structural drivers of vulnerability,high,2,test,high,True
4636,AR6_WGII,1055,23,"Key transformations are needed to facilitate climate resilient development pathways (CRDPs) for health, well- being, migration and conflict avoidance",high,2,test,high,True
4696,AR6_WGII,1057,29,"Building climate-resilient health systems will require multi-sectoral, multi-system and collaborative efforts at all governance scales",very high,3,test,high,False
4764,AR6_WGII,1089,9,Anxiety about the potential risks of climate change and awareness of climate change itself can affect mental health even in the absence of direct impacts,low,0,test,medium,False
4824,AR6_WGII,1110,13,"The most common drivers of observed climate- related migration and displacement are extreme storms (particularly tropical cyclones), floods and droughts",high,2,test,high,True
4882,AR6_WGII,1186,7,"Enabling and supportive environments for adaptation share common governance characteristics, including multiple actors and assets, multiple centres of power at different levels and an effective vertical and horizontal integration between levels",high,2,test,high,True
4948,AR6_WGII,1305,10,"Hot days, hot nights and heatwaves have become more frequent; heatwaves have also become longer. Drying is projected particularly for west and southwestern Africa",high,2,test,high,True
4956,AR6_WGII,1331,20,"Most African countries are expected to experience high temperatures unprecedented in their recent history earlier in this century than generally wealthier, higher latitude countries",high,2,test,high,True
4965,AR6_WGII,1339,19,"Mean annual rainfall in the summer rainfall region of South Afria is projected to decrease by 10–20%, accompanied by an increase in the number of consecutive dry days during the rainy season under RCP8.5. The western parts of the region are projected to become drier, with increasing drought frequency, intensity and duration likely under RCP8.5",high,2,test,medium,False
4970,AR6_WGII,1344,27,"Mangroves, seagrasses and coral reefs support nursery habitats for fish, sequester carbon, trap sediment and provide shoreline protection (Ghermandi et al., 2019). Climate change is compromising these ecosystem services",medium,1,test,high,False
5038,AR6_WGII,1471,15,"Adaptation actions tend to be in the initial stages and more reactive (57% of urban adaptations focus on preparatory interventions, such as capacity building, and 43% of cities report implemented adaptation interventions)",medium,1,test,medium,True
5048,AR6_WGII,1475,1,Large increases in temperature extremes are observed in West and Central Asia,high,2,test,high,True
5092,AR6_WGII,1499,6,Increase in extreme precipitation events is likely to cause more flash-flood events in the future,medium,1,test,high,False
5093,AR6_WGII,1511,18,"By 2050, it is likely that 69% of fundamental human infrastructure in the Pan Arctic will be at risk (RCP 4.5 scenario)",medium,1,test,medium,True
5099,AR6_WGII,1518,8,Rising ambient temperature accelerates pollutant formation reactions and may modify air-pollution-related health effects,medium,1,test,high,False
5120,AR6_WGII,1595,2,Three marine heatwaves on the Great Barrier Reef (GBR) during 2016–2020 caused significant bleaching and loss,very high,3,test,very high,True
5137,AR6_WGII,1598,6,"Some synergies and trade-offs exist between different adaptation responses and between mitigation and adaptation, with interactions occurring both within and outside the region",very high,3,test,high,False
5166,AR6_WGII,1613,9,"The depth of the Aragonite Saturation Horizon has shallowed by 50–100 m over much of New Zealand, which may limit and/or increase the energetic costs of growth of calcifying species",low,0,test,medium,False
5171,AR6_WGII,1614,1,"Acidification may alter sex determination (e.g., in the oyster Saccostrea glomerate), resulting in changes in sex ratios (Parker et al., 2018), and may thus affect reproductive success",low,0,test,medium,False
5202,AR6_WGII,1625,36,"While there is potential for a greater proportion of agriculture to be located to northern Australia, there are significant and complex agronomic, environmental, institutional, financial and social challenges for successful transformation, including the risk of disruption",medium,1,test,medium,True
5243,AR6_WGII,1640,17,"There is a central role for Indigenous Peoples in climate change decision-making that helps address the enduring legacy of colonisation through building opportunities based on Indigenous governance regimes, cultural practices to care for land and water and intergenerational perspectives",very high,3,test,high,False
5246,AR6_WGII,1641,10,"Climate-related impacts on Aboriginal and Torres Strait Islander Peoples, country and cultures: loss of biocultural diversity (land, water and sky)",medium,1,test,high,False
5285,AR6_WGII,1656,2,"More inclusive, collaborative and learning-oriented community engagement processes are fundamental to effective adaptation outcomes (11.7.3.2)",very high,3,test,high,False
5324,AR6_WGII,1705,1,"Adaptation policies often address climate impact drivers, but seldom include the social and economic underpinnings of vulnerability. This narrow scope limits adaptation results and compromises their continuity in the region",high,2,test,medium,False
5335,AR6_WGII,1708,27,"The combination of continued anthropogenic disturbance, particularly deforestation, with global warming may result in dieback of forest in Central and South America",medium,1,test,medium,True
5349,AR6_WGII,1710,30,The extent and quality of suitable areas for basic grains are expected to contract,high,2,test,medium,False
5351,AR6_WGII,1711,15,"Significant increases in the intensity and frequency of hot extremes and significant decreases in the intensity and frequency of cold extremes (Dereczynski et al., 2020; Dunn et al., 2020) were likely observed. Insufficient data coverage and trends in available data are generally not significant for heavy precipitation",low,0,test,medium,False
5354,AR6_WGII,1712,14,The Andean piedmont (500–1200 metres above sea level [MASL]) ecosystems and crops and elevation ranges above the treeline are more exposed to thermal anomalies,very high,3,test,high,False
5390,AR6_WGII,1718,29,"Due to the tight relationship between drought and fire occurrence, an increase of 39% to 95% of burned area is modelled to impact the Cerrado region under RCP4.5 and RCP8.5, while under RCP2.6, a 22% overshoot in temperature is estimated to impact the area in 2050 decreasing to 11% overshoot by 2100 (Silva et al., 2019d), leading to a high impact on agricultural production",high,2,test,medium,False
5436,AR6_WGII,1726,4,"Large-scale agricultural growth has increased vulnerability to climate change by disfavouring traditional agriculture, the homogenisation of the biophysical landscape and the replacement of traditional crops and native forests with exotic species like pines and eucalyptus (high confidence) (Torres et al., 2015), where farmers’ perceptions of climate change are highly dependent on educational level and access to meteorological information",low,0,test,high,False
5444,AR6_WGII,1726,15,"Species are projected to suffer changes in their distribution, including a decrease in climatic refugia for vertebrates",low,0,test,high,False
5498,AR6_WGII,1744,4,"In Central and South America, about 26% (130 million people) of the population have no access to safe drinking water, and strong disparities prevail regarding its spatial distribution; for example, in Chile, 99% of the population have access, compared to 50% in Peru, 73% in Colombia, 52% in Nicaragua or 56% in Guatemala",high,2,test,high,True
5620,AR6_WGII,1830,14,Observed adaptation actions are largely incremental with only a few examples of local transformative action; adaptation actions have demonstrated different degrees of effectiveness in reducing impacts and feasibility of implementation,high,2,test,medium,False
5670,AR6_WGII,1837,8,Projections for the 21st century show increases in storms across all of Europe,medium,1,test,medium,True
5704,AR6_WGII,1849,4,"Projected increase in rainfall could increase soil erosion, while warming enhances vegetation cover, leading to overall mixed responses",medium,1,test,medium,True
5737,AR6_WGII,1852,20,"Elevated CO2 levels predicted at 4°C GWL will affect the C/N ratio of organic-matter export and, hence, the efficiency of the biological pump",low,0,test,medium,False
5798,AR6_WGII,1873,15,"There has been a temperature-dependent range expansion of ticks that is projected to expand further north in Sweden, Norway and the Russian Arctic (Jaenson et al., 2012; Jore et al., 2014; Tokarevich et al., 2017; Waits et al., 2018), and to higher elevations in Austria and the Czech Republic",medium,1,test,medium,True
5825,AR6_WGII,1879,22,Lack of control over land use is the biggest and most urgent threat to the adaptive capacity of reindeer herding and the right of Sámi to their culture,high,2,test,medium,False
5922,AR6_WGII,1944,10,"Current practices will be increasingly insufficient without coordination and integration of efforts through equitable policy focused on modifying land-use impacts, consumption patterns, economic activities and emphasising NbS",high,2,test,high,True
5957,AR6_WGII,1958,40,Climate change has induced phenological and spatial shifts in primary productivity with cascading impacts on food webs,high,2,test,high,True
5982,AR6_WGII,1964,18,"Projected long-term reduction in water availability in the southwest US and northern Mexico (e.g., from the Colorado and Rio Grande rivers) will have substantial ecological and economic impacts given the region’s heavy water demands",high,2,test,high,True
5984,AR6_WGII,1964,25,"Projected changes in temperature and precipitation present direct risks to North American water quality, varying with regional and watershed contexts (Chapra et al., 2017; Coffey et al., 2019; Paul et al., 2019a), and related to streamflow, population growth (Duran-Encalada et al., 2017) and land-use practices",medium,1,test,high,False
5989,AR6_WGII,1967,20,"Warming will alter the length of growing seasons of cold- season crops (e.g., broccoli, lettuce) and will shift suitability ranges of warm-season California crops (e.g., tomatoes)",medium,1,test,high,False
6030,AR6_WGII,1981,28,"Climate-related food-borne disease risks vary temporally, and are influenced, in part, by food availability, accessibility, preparation and preferences",medium,1,test,medium,True
6049,AR6_WGII,1989,12,Climate change has been observed to affect national GDP level and economic growth,low,0,test,medium,False
6056,AR6_WGII,1990,17,Pre-existing social vulnerabilities have also led to forced displacement from extreme weather events,low,0,test,high,False
6064,AR6_WGII,1993,21,"While there is expert scientific consensus on anthropogenic climate change, rhetoric, misinformation and politicisation of science have contributed to misperceptions, polarisation on the severity of impacts and risks to society, indecision and delayed action",high,2,test,very high,False
6081,AR6_WGII,1996,2,"These climatic impacts will have cascading implications for local livelihoods, sustainable economic development pathways and regional connectivity, and will reinforce pre-existing social inequities",medium,1,test,high,False
6104,AR6_WGII,2056,29,"Due to the large range of insular- related vulnerabilities, almost 50% of terrestrial species presently considered at risk of global extinction also occur on islands",high,2,test,high,True
6161,AR6_WGII,2072,6,"Tropical island natural habitats/systems are highly vulnerable to extreme weather events such as TCs, due to their small size, unique ecological systems and often low socioeconomic capacity",high,2,test,high,True
6178,AR6_WGII,2136,15,"Of the 6116 projections for more than 2700 species assessed in biodiversity hotspots, ~44% were found to be at high extinction risk, and ~24% at very high extinction risk due to climate change",medium,1,test,high,False
6211,AR6_WGII,2147,2,Temperature-driven range shifts and range expansions are projected to also lead to cascading effects on marine biodiversity through ecological interactions,high,2,test,high,True
6230,AR6_WGII,2149,0,"While forest growth is projected to potentially increase due to carbon dioxide fertilization, this may be compromised by drought",low,0,test,medium,False
6248,AR6_WGII,2154,23,"A national scale analysis projected climate change to cause freshwater species range shifts, but no losses of species in this hotspot",low,0,test,medium,False
6249,AR6_WGII,2154,28,"Marine heatwaves have increased over the past century, causing mass mortalities in the hotspots of the Mediterranean (H216), Great Barrier Reef (H236), western and southern Australia (H227, 228), northwest Atlantic (H207) and northeast Pacific (H197)",high,2,test,very high,False
6252,AR6_WGII,2154,31,"Coral reefs in some Indian Ocean hotspots (H230, 234) already exhibit net loss of coral reefs",low,0,test,high,False
6312,AR6_WGII,2177,7,Engaging the private sector in coastal adaptation action with a range of financial tools is crucial to address the coastal adaptation funding gap,high,2,test,medium,False
6390,AR6_WGII,2249,4,"Observed trends in annual precipitation are significant only in some areas and some periods, and they are stationary over the long term throughout the region",medium,1,test,medium,True
6392,AR6_WGII,2249,9,Widespread increase of evaporative demand and some decrease of precipitation explain the drying of the Mediterranean region during recent decades,high,2,test,high,True
6415,AR6_WGII,2286,16,"The combined effects of climate change, hydropower development and other human interventions have exacerbated water security problems and social injustice",medium,1,test,high,False
6543,AR6_WGII,2340,1,Macroalgae and seagrass are generally expanding in the Arctic,medium,1,test,medium,True
6546,AR6_WGII,2340,4,"Despite large-scale environmental changes in the Southern Ocean, such as the deepening of the summer mixed layer (medium confidence) (Panassa et al., 2018; Sallée et al., 2021), and the expected impacts via altered nutrient entrainment, light availability and grazer encounter rates (Chapter 3) (Behrenfeld and Boss, 2014; Llort et al., 2019), assessments indicated no consistent changes in primary production at the circumpolar scale, as sectors and regions show different trends",medium,1,test,medium,True
6547,AR6_WGII,2340,6,Primary productivity has increased in the Pacific sector and decreased in the Atlantic sector and the Ross Sea,low,0,test,medium,False
6585,AR6_WGII,2344,5,"Some global- scale models project increases in potential fishery yields in Arctic Canada (Cheung, 2018; Bindoff et al., 2019; Tai et al., 2019), whereas many observational studies and high-resolution regional projections suggest overall declines in biomass, productivity and yield associated with warming and loss of sea ice in multiple regions such as the Bering Sea",medium,1,test,medium,True
6593,AR6_WGII,2346,13,"Climate change has increased risks to, and demand for, polar tourism experiences with the development of a ‘last chance tourism market’",medium,1,test,medium,True
6594,AR6_WGII,2346,21,Climate hazards create risks to transportation sectors with consequences for economic development,high,2,test,high,True
6598,AR6_WGII,2350,9,"Permafrost thaw, sea-level rise and reduced sea ice protection also presents the potential for the introduction and propagation of invasive species (Chan et al., 2019; Rosenhaim et al., 2019), and sovereignty tensions with implications for global geopolitics (Drewniak et al., 2018)",medium,1,test,medium,True
6635,AR6_WGII,2383,8,"While strong mitigation efforts are fundamental to minimising future climate impacts on forests, forest management can be improved in many places in support of enhancing the resilience of tropical forests, often with significant co-benefits for carbon storage, biodiversity, food security and ecosystem services",high,2,test,high,True
6660,AR6_WGII,2395,2,Maximising tropical forest extent has well-described benefits in mitigating CO2 emissions and in the role of forests regulating global climate,high,2,test,very high,False
6668,AR6_WGII,2425,16,"Climate variability and extremes are associated with increased prevalence of conflict, with more consistent evidence for low- intensity organised violence than for major armed conflict. Compared with other socioeconomic drivers, the link is relatively weak and conditional on high population size, low socioeconomic development, high political marginalisation and high agricultural dependence",medium,1,test,medium,True
6669,AR6_WGII,2425,17,Literature suggests a larger climate-related influence on the dynamics of conflict than on the likelihood of initial conflict outbreak,low,0,test,medium,False
6751,AR6_WGII,2468,7,"Freshwater ecosystems and their biodiversity are at high risk of biodiversity loss and turnover due to climate change (precipitation change and warming, including warming of water bodies), due to high sensitivity of processes and life histories to thermal conditions and water quality (Chapter 2)",high,2,test,high,True
6767,AR6_WGII,2472,1,"Without effective adaptation measures, regions with high dependence on climate-sensitive livelihoods—particularly agriculture and fisheries in the tropics and coastal regions—would be severely impacted even at low levels of warming",high,2,test,high,True
6775,AR6_WGII,2476,16,"Expert elicitation estimates that 4°C warming above pre-industrial levels will have severe and widespread effects on armed conflict with 26% probability, assuming no change from present levels in non- climatic drivers (Mach et al., 2019). That judgement refers to impacts that exceed the threshold for severity considered here, suggesting that global warming of 4°C would produce severe risks to peace under present societal conditions",low,0,test,medium,False
6803,AR6_WGII,2500,4,"Droughts, floods and marine heatwaves contribute to reduced food availability and increased food prices, threatening food security, nutrition and livelihoods of millions",high,2,test,very high,False
6813,AR6_WGII,2505,10,Risks to aggregate economic output would become severe at the global scale at high warming (~4.4°C) and minimal adaptation,medium,1,test,medium,True
6840,AR6_WGII,2553,18,"Informal or individual-led decision-making is more common in food security and livelihood-related adaptations, such as changes to diets, livelihood diversification and seasonal migration",high,2,test,high,True
6885,AR6_WGII,2555,11,"Climate risks can emerge at different rates and time horizons, and the interactions between risks vary from region to region",very high,3,test,high,False
6915,AR6_WGII,2569,30,"Both RKRs and systems are facing substantial (residual) risk, characterised by adaptation limits and sharing heatwaves as the hazard, for which climate change has been considered the major driver of increasing intensity and frequency",high,2,test,high,True
6921,AR6_WGII,2573,5,"Modelling has shown, however, that the effectiveness of such high-risk interventions declines beyond 2°C of global warming",medium,1,test,medium,True
6962,AR6_WGII,2588,17,"Since AR5, recognition of the importance of using integrated adaptation to improve climate risk management across the nexus between many sectors and across regions has increased",high,2,test,high,True
7083,AR6_WGII,2682,14,"While there are many possible successful pathways to future development in the context of climate change, history shows that pathways positive for the vast majority of people typically induce significant impacts and costs, especially on marginal and vulnerable people",high,2,test,medium,False
7102,AR6_WGII,2699,22,"Synergies between adaptation, mitigation and sustainable development might be promoted by prioritising those CRD strategies most likely to generate synergies",very high,3,test,medium,False
7104,AR6_WGII,2700,9,"Globally, low climate change projections, versus higher climate change projections, imply greater mitigation, lower climate risks and less adaptation. This implies greater mitigation trade-offs in terms of overall economic development, food crop prices, energy prices and overall household consumption, but lower climate risk, with sustainable development synergies such as human health and lower adaptation trade-offs, and an uneven distribution of effects",very high,3,test,high,False
7114,AR6_WGII,2703,3,Urban transitions will be associated with synergies as well as trade-offs with respect to sustainable development,very high,3,test,high,False
7131,AR6_WGII,2718,23,"Addressing climate impacts in isolation is unlikely to achieve equitable, efficient or effective adaptation outcomes",very high,3,test,high,False
7132,AR6_WGII,2718,26,"Although higher levels of poverty, corruption, and economic and social inequalities can increase the risk of negative outcomes, these potential negative effects would be mitigated if inequality impacts were taken into consideration in all stages of policy making",very high,3,test,medium,False
7135,AR6_WGII,2719,29,"Stable and predictable carbon-pricing regimes would significantly contribute to fostering financial innovation that can help further accelerate the decarbonisation of the global economy, even in jurisdictions which are more lenient in implementing climate mitigation actions",very high,3,test,medium,False
7146,AR6_WGII,2725,8,"Climate-resilient futures will depend on recognising the socioeconomic, political and health inequities that often affect Indigenous Peoples (Mapfumo et al., 2016; Ludwig and Poliseli, 2018)",very high,3,test,medium,False
7149,AR6_WGII,2727,17,"More integration of government policy and interventions across scales, accompanied by capacity building to accelerate adaptation is needed",very high,3,test,high,False
7152,AR6_WGII,2728,15,"While GDP growth can drive growth in income, it can also drive growth in inequality which can undermine poverty reduction efforts",very high,3,test,medium,False
7163,AR6_WGII,2733,19,Common indicators of development reflect the significant diversity that exists across different global regions with respect to their development context,very high,3,test,very high,True
7171,AR6_WGII,2735,8,"Issues associated with natural resource dependency, access to information for decision making, access to human and financial capital, and path dependence of institutions represent barriers that must be overcome if sectors are to support transitions that enable CRD. These challenges are more acute within vulnerable communities or nations where capacity to innovate and invest are constrained and social inequities reinforce the status quo",very high,3,test,high,False
7244,AR6_WGIII,25,5,"At least 18 countries that had Kyoto targets for the first commitment period have had sustained absolute emission reductions for at least a decade from 2005, of which two were countries with economies in transition",very high,3,test,high,False
7258,AR6_WGIII,29,18,"Modelled pathways that are consistent with NDCs announced prior to COP26 until 2030 and assume no increase in ambition thereafter have higher emissions, leading to a median global warming of 2.8 [2.1–3.4] °C by 2100",medium,1,test,high,False
7271,AR6_WGIII,42,8,"For cities, three broad mitigation strategies have been found to be effective when implemented concurrently: (i) reducing or changing energy and material use towards more sustainable production and consumption; (ii) electrification in combination with switching to low-emission energy sources; and (iii) enhancing carbon uptake and storage in the urban environment, for example through bio-based building materials, permeable surfaces, green roofs, trees, green spaces, rivers, ponds and lakes.",very high,3,test,high,False
7394,AR6_WGIII,86,2,"Policies can shift development pathways. There are examples of policies implemented in the pursuit of overall societal development objectives, such as job creation, macroeconomic stability, economic growth, and public health and welfare. In some countries, such policies are framed as part of a Just Transition, however, they can have major influence on mitigative capacity, and hence can be seen as tools to broaden mitigation options",medium,1,test,medium,True
7417,AR6_WGIII,97,28,"When aggregate economic benefits from avoided climate change impacts are accounted for, mitigation is a welfare-enhancing strategy",high,2,test,medium,False
7432,AR6_WGIII,106,10,"For most regions, per-capita urban emissions are lower than per-capita national emissions (excluding aviation, shipping and biogenic sources)",very high,3,test,high,False
7443,AR6_WGIII,111,7,Advanced biofuels could provide low-carbon jet fuel,medium,1,test,medium,True
7444,AR6_WGIII,111,8,The production of synthetic fuels using low-carbon hydrogen with CO2 captured through DACCS/BECCS could provide jet and marine fuels but these options still require demonstration at scale,low,0,test,medium,False
7460,AR6_WGIII,115,10,"Building energy codes have proven to be effective if compulsory and combined with other regulatory instruments such as minimum energy performance standard for appliances and equipment, if the performance level is set at the level of the best available technologies in the market",high,2,test,high,True
7496,AR6_WGIII,145,22,Complementarity in policies helps in the design of an optimal demand-side policy mix,medium,1,test,high,False
7517,AR6_WGIII,148,13,Technological innovation can also bring about new and improved ways of delivering services that are essential to human well-being,high,2,test,high,True
7522,AR6_WGIII,150,6,The evidence on the role of intellectual property rights (IPR) in innovation is mixed. Some literature suggests that it is a barrier while other sources suggests that it is an enabler to the diffusion of climate-related technologies,medium,1,test,medium,True
7532,AR6_WGIII,153,27,"There can be many synergies in urban areas between mitigation policies and the SDGs but capturing these depends on the overall planning of urban structures and on local integrated policies such as combining affordable housing and spatial planning with walkable urban areas, green electrification and clean renewable energy",medium,1,test,high,False
7535,AR6_WGIII,159,10,"Those same conditions that may serve to impede the transition (i.e., organisational structure, behaviour, technological lock-in) can also ‘flip’ to enable both the transition and the framing of sustainable development policies to create a stronger basis for policy support",high,2,test,medium,False
7540,AR6_WGIII,168,13,"Modelled direct mitigation costs of pathways to 1.5°C, with no/limited overshoot, span a wide range, but were typically three to four times higher than in pathways to 2°C",high,2,test,high,True
7541,AR6_WGIII,229,1,"Since 2010, GHG emissions have continued to grow, reaching 59 ± 6.6 GtCO 2-eq in 2019,1 but the average annual growth in the last decade (1.3%, 2010–2019) was lower than in the previous decade (2.1%, 2000–2009)",high,2,test,very high,False
7637,AR6_WGIII,426,7,"Climate change will reduce crop yields, increase food insecurity, and negatively influence nutrition and mortality. Climate mitigation will thus reduce these impacts, and hence reduce food insecurity",high,2,test,high,True
7641,AR6_WGIII,427,32,Climate models project increases in drought risk,very high,3,test,high,False
7669,AR6_WGIII,742,23,"Fossil fuel subsidies most commonly pursue non-climate objectives, for example, enhanced access to energy sources",high,2,test,high,True
7682,AR6_WGIII,747,2,"Wind power is increasingly competitive with other forms of electricity generation and is the low-cost option in many applications, and critical areas for continued improvement are technology advancements and economies of scale",high,2,test,high,True
7723,AR6_WGIII,780,14,Changing wind variability may have a small-to-modest impact on backup energy and storage needs,low,0,test,medium,False
7725,AR6_WGIII,781,24,The effect of climate change on bioenergy crop yields will increase in high latitudes,low,0,test,medium,False
7793,AR6_WGIII,887,34,"To date USD0.7 billion yr–1 is estimated to have been spent on AFOLU mitigation, which is well short of the more than USD400 billion yr–1 that is estimated to be necessary to deliver the up to 30% of global mitigation effort envisaged in deep mitigation scenarios",medium,1,test,high,False
7828,AR6_WGIII,951,49,"A large literature has investigated whether PES programmes have successfully protected habitats. Despite concerns, the many lessons learned from PES programme implementation provide critical information that will help policymakers refine future PES programmes to increase their effectiveness",medium,1,test,medium,True
7859,AR6_WGIII,1026,3,"Future urban expansion will amplify the background warming caused by GHG emissions, with extreme warming most pronounced during night-time",very high,3,test,high,False
7866,AR6_WGIII,1257,4,"Transport- related emissions in developing regions of the world have increased more rapidly than in Europe or North America, a trend that is likely to continue in coming decades",high,2,test,high,True
7875,AR6_WGIII,1257,34,The production of synthetic fuels using low-carbon hydrogen with CO2 captured through direct air capture (DAC) or bioenergy with carbon capture and storage (BECCS) could provide jet and marine fuels but these options still require demonstration at scale,low,0,test,medium,False
7914,AR6_WGIII,1673,3,"In some cases, notably with respect to aviation and shipping, sectoral agreements have adopted climate mitigation goals that fall far short of what would be required to achieve the temperature goal of the Paris Agreement",high,2,test,high,True
7931,AR6_WGIII,1769,15,"In addition to indirect and direct subsidies, the public sector’s role in addressing market failures, barriers, provision of information, and risk sharing (equity, various forms of public guarantees) can encourage the efficient mobilisation of private sector finance",high,2,test,high,True
8013,AR6_WGIII,1822,24,"Options to mobilise institutional investors currently remain small pilots, relative to Paris and SDG ambitions",high,2,test,medium,False
8024,AR6_WGIII,1827,13,"REDD+ can significantly contribute to climate change mitigation and also produce other co-benefits like climate change adaptation, biodiversity conservation, and poverty reduction, if well-implemented",high,2,test,medium,False
8056,AR6_WGIII,2011,5,Large-scale bioenergy projects with CCS may be expensive,medium,1,test,medium,True
8067,AR6_WGIII,2012,8,"Reforestation and forest restoration can have co-benefits for food security, and cleaner air and greener environment generally leads to better health",medium,1,test,high,False
8086,AR6_WGIII,2016,8,"BEVs could create jobs associated with the EV supply chain, and could create jobs to build and operate the associated infrastructure",low,0,test,medium,False
8093,AR6_WGIII,2058,21,"For pathways that limit warming to 2°C (>67%) or lower, using GWP100 to inform cost-effective abatement choices between gases would achieve these long-term temperature goals at close to least global cost within a few percent",high,2,test,medium,False
